{"cameraMode":{"drawMode":0,"name":"Shaded","section":"Shading Mode"},"sceneLighting":true,"audioPlay":false,"sceneViewState":{"m_AlwaysRefresh":false,"showFog":true,"showSkybox":true,"showFlares":true,"showImageEffects":true,"showParticleSystems":true,"showVisualEffectGraphs":true,"m_FxEnabled":true},"in2DMode":false,"pivot":{"x":-0.034173011779785159,"y":13.243273735046387,"z":1.1740632057189942},"rotation":{"x":0.08527718484401703,"y":-0.8680418133735657,"z":0.16009554266929627,"w":0.46221327781677248},"size":6.091770648956299,"orthographic":false}